soa_character,ラティクス,/soanamnesis/%E3%83%A9%E3%83%86%E3%82%A3%E3%82%AF%E3%82%B9
soa_character,渚のラティクス,/soanamnesis/%E6%B8%9A%E3%81%AE%E3%83%A9%E3%83%86%E3%82%A3%E3%82%AF%E3%82%B9
soa_character,ミリー,/soanamnesis/%E3%83%9F%E3%83%AA%E3%83%BC
soa_character,狼ミリー,/soanamnesis/%E7%8B%BC%E3%83%9F%E3%83%AA%E3%83%BC
soa_character,渚のミリー,/soanamnesis/%E6%B8%9A%E3%81%AE%E3%83%9F%E3%83%AA%E3%83%BC
soa_character,ロニキス,/soanamnesis/%E3%83%AD%E3%83%8B%E3%82%AD%E3%82%B9
soa_character,イリア,/soanamnesis/%E3%82%A4%E3%83%AA%E3%82%A2
soa_character,シウス,/soanamnesis/%E3%82%B7%E3%82%A6%E3%82%B9
soa_character,フィア,/soanamnesis/%E3%83%95%E3%82%A3%E3%82%A2
soa_character,赤麗のフィア,/soanamnesis/%E8%B5%A4%E9%BA%97%E3%81%AE%E3%83%95%E3%82%A3%E3%82%A2
soa_character,マーヴェル,/soanamnesis/%E3%83%9E%E3%83%BC%E3%83%B4%E3%82%A7%E3%83%AB
soa_character,ペリシー,/soanamnesis/%E3%83%9A%E3%83%AA%E3%82%B7%E3%83%BC
soa_character,クロード,/soanamnesis/%E3%82%AF%E3%83%AD%E3%83%BC%E3%83%89
soa_character,式服のクロード,/soanamnesis/%E5%BC%8F%E6%9C%8D%E3%81%AE%E3%82%AF%E3%83%AD%E3%83%BC%E3%83%89
soa_character,レナ,/soanamnesis/%E3%83%AC%E3%83%8A
soa_character,花嫁レナ,/soanamnesis/%E8%8A%B1%E5%AB%81%E3%83%AC%E3%83%8A
soa_character,甘猫のレナ,/soanamnesis/%E7%94%98%E7%8C%AB%E3%81%AE%E3%83%AC%E3%83%8A
soa_character,渚のレナ,/soanamnesis/%E6%B8%9A%E3%81%AE%E3%83%AC%E3%83%8A
soa_character,セリーヌ,/soanamnesis/%E3%82%BB%E3%83%AA%E3%83%BC%E3%83%8C
soa_character,アシュトン,/soanamnesis/%E3%82%A2%E3%82%B7%E3%83%A5%E3%83%88%E3%83%B3
soa_character,灼炎のアシュトン,/soanamnesis/%E7%81%BC%E7%82%8E%E3%81%AE%E3%82%A2%E3%82%B7%E3%83%A5%E3%83%88%E3%83%B3
soa_character,プリシス,/soanamnesis/%E3%83%97%E3%83%AA%E3%82%B7%E3%82%B9
soa_character,聖夜プリシス,/soanamnesis/%E8%81%96%E5%A4%9C%E3%83%97%E3%83%AA%E3%82%B7%E3%82%B9
soa_character,花嫁プリシス,/soanamnesis/%E8%8A%B1%E5%AB%81%E3%83%97%E3%83%AA%E3%82%B7%E3%82%B9
soa_character,ディアス,/soanamnesis/%E3%83%87%E3%82%A3%E3%82%A2%E3%82%B9
soa_character,桜雲のディアス,/soanamnesis/%E6%A1%9C%E9%9B%B2%E3%81%AE%E3%83%87%E3%82%A3%E3%82%A2%E3%82%B9
soa_character,レオン,/soanamnesis/%E3%83%AC%E3%82%AA%E3%83%B3
soa_character,執事のレオン,/soanamnesis/%E5%9F%B7%E4%BA%8B%E3%81%AE%E3%83%AC%E3%82%AA%E3%83%B3
soa_character,オペラ,/soanamnesis/%E3%82%AA%E3%83%9A%E3%83%A9
soa_character,紅輝のオペラ,/soanamnesis/%E7%B4%85%E8%BC%9D%E3%81%AE%E3%82%AA%E3%83%9A%E3%83%A9
soa_character,チサト,/soanamnesis/%E3%83%81%E3%82%B5%E3%83%88
soa_character,ミカエル,/soanamnesis/%E3%83%9F%E3%82%AB%E3%82%A8%E3%83%AB
soa_character,ルシフェル,/soanamnesis/%E3%83%AB%E3%82%B7%E3%83%95%E3%82%A7%E3%83%AB
soa_character,フェイト,/soanamnesis/%E3%83%95%E3%82%A7%E3%82%A4%E3%83%88
soa_character,花婿フェイト,/soanamnesis/%E8%8A%B1%E5%A9%BF%E3%83%95%E3%82%A7%E3%82%A4%E3%83%88
soa_character,ソフィア,/soanamnesis/%E3%82%BD%E3%83%95%E3%82%A3%E3%82%A2
soa_character,常夏のソフィア,/soanamnesis/%E5%B8%B8%E5%A4%8F%E3%81%AE%E3%82%BD%E3%83%95%E3%82%A3%E3%82%A2
soa_character,青春のソフィア,/soanamnesis/%E9%9D%92%E6%98%A5%E3%81%AE%E3%82%BD%E3%83%95%E3%82%A3%E3%82%A2
soa_character,メイドのソフィア,/soanamnesis/%E3%83%A1%E3%82%A4%E3%83%89%E3%81%AE%E3%82%BD%E3%83%95%E3%82%A3%E3%82%A2
soa_character,マリア,/soanamnesis/%E3%83%9E%E3%83%AA%E3%82%A2
soa_character,花嫁マリア,/soanamnesis/%E8%8A%B1%E5%AB%81%E3%83%9E%E3%83%AA%E3%82%A2
soa_character,桜花のマリア,/soanamnesis/%E6%A1%9C%E8%8A%B1%E3%81%AE%E3%83%9E%E3%83%AA%E3%82%A2
soa_character,渚のマリア,/soanamnesis/%E6%B8%9A%E3%81%AE%E3%83%9E%E3%83%AA%E3%82%A2
soa_character,クリフ,/soanamnesis/%E3%82%AF%E3%83%AA%E3%83%95
soa_character,ネル,/soanamnesis/%E3%83%8D%E3%83%AB
soa_character,巫女ネル,/soanamnesis/%E5%B7%AB%E5%A5%B3%E3%83%8D%E3%83%AB
soa_character,花嫁ネル,/soanamnesis/%E8%8A%B1%E5%AB%81%E3%83%8D%E3%83%AB
soa_character,メイドのネル,/soanamnesis/%E3%83%A1%E3%82%A4%E3%83%89%E3%81%AE%E3%83%8D%E3%83%AB
soa_character,アルベル,/soanamnesis/%E3%82%A2%E3%83%AB%E3%83%99%E3%83%AB
soa_character,黒将アルベル,/soanamnesis/%E9%BB%92%E5%B0%86%E3%82%A2%E3%83%AB%E3%83%99%E3%83%AB
soa_character,ミラージュ,/soanamnesis/%E3%83%9F%E3%83%A9%E3%83%BC%E3%82%B8%E3%83%A5
soa_character,クレア,/soanamnesis/%E3%82%AF%E3%83%AC%E3%82%A2
soa_character,乙女クレア,/soanamnesis/%E4%B9%99%E5%A5%B3%E3%82%AF%E3%83%AC%E3%82%A2
soa_character,悪魔クレア,/soanamnesis/%E6%82%AA%E9%AD%94%E3%82%AF%E3%83%AC%E3%82%A2
soa_character,メイドのクレア,/soanamnesis/%E3%83%A1%E3%82%A4%E3%83%89%E3%81%AE%E3%82%AF%E3%83%AC%E3%82%A2
soa_character,花嫁クレア,/soanamnesis/%E8%8A%B1%E5%AB%81%E3%82%AF%E3%83%AC%E3%82%A2
soa_character,タイネーブ,/soanamnesis/%E3%82%BF%E3%82%A4%E3%83%8D%E3%83%BC%E3%83%96
soa_character,ファリン,/soanamnesis/%E3%83%95%E3%82%A1%E3%83%AA%E3%83%B3
soa_character,エッジ,/soanamnesis/%E3%82%A8%E3%83%83%E3%82%B8
soa_character,連邦エッジ,/soanamnesis/%E9%80%A3%E9%82%A6%E3%82%A8%E3%83%83%E3%82%B8
soa_character,レイミ,/soanamnesis/%E3%83%AC%E3%82%A4%E3%83%9F
soa_character,常夏のレイミ,/soanamnesis/%E5%B8%B8%E5%A4%8F%E3%81%AE%E3%83%AC%E3%82%A4%E3%83%9F
soa_character,連邦レイミ,/soanamnesis/%E9%80%A3%E9%82%A6%E3%83%AC%E3%82%A4%E3%83%9F
soa_character,花嫁レイミ,/soanamnesis/%E8%8A%B1%E5%AB%81%E3%83%AC%E3%82%A4%E3%83%9F
soa_character,フェイズ,/soanamnesis/%E3%83%95%E3%82%A7%E3%82%A4%E3%82%BA
soa_character,リムル,/soanamnesis/%E3%83%AA%E3%83%A0%E3%83%AB
soa_character,連邦リムル,/soanamnesis/%E9%80%A3%E9%82%A6%E3%83%AA%E3%83%A0%E3%83%AB
soa_character,メリクル,/soanamnesis/%E3%83%A1%E3%83%AA%E3%82%AF%E3%83%AB
soa_character,青春のメリクル,/soanamnesis/%E9%9D%92%E6%98%A5%E3%81%AE%E3%83%A1%E3%83%AA%E3%82%AF%E3%83%AB
soa_character,ミュリア,/soanamnesis/%E3%83%9F%E3%83%A5%E3%83%AA%E3%82%A2
soa_character,常夏のミュリア,/soanamnesis/%E5%B8%B8%E5%A4%8F%E3%81%AE%E3%83%9F%E3%83%A5%E3%83%AA%E3%82%A2
soa_character,サラ,/soanamnesis/%E3%82%B5%E3%83%A9
soa_character,クロウ,/soanamnesis/%E3%82%AF%E3%83%AD%E3%82%A6
soa_character,スティーブ,/soanamnesis/%E3%82%B9%E3%83%86%E3%82%A3%E3%83%BC%E3%83%96
soa_character,シマダ,/soanamnesis/%E3%82%B7%E3%83%9E%E3%83%80
soa_character,ミラ,/soanamnesis/%E3%83%9F%E3%83%A9
soa_character,イレーネ,/soanamnesis/%E3%82%A4%E3%83%AC%E3%83%BC%E3%83%8D
soa_character,フィデル,/soanamnesis/%E3%83%95%E3%82%A3%E3%83%87%E3%83%AB
soa_character,冬空フィデル,/soanamnesis/%E5%86%AC%E7%A9%BA%E3%83%95%E3%82%A3%E3%83%87%E3%83%AB
soa_character,ミキ,/soanamnesis/%E3%83%9F%E3%82%AD
soa_character,雛祭ミキ,/soanamnesis/%E9%9B%9B%E7%A5%AD%E3%83%9F%E3%82%AD
soa_character,常夏のミキ,/soanamnesis/%E5%B8%B8%E5%A4%8F%E3%81%AE%E3%83%9F%E3%82%AD
soa_character,リリア,/soanamnesis/%E3%83%AA%E3%83%AA%E3%82%A2
soa_character,ヴィクトル,/soanamnesis/%E3%83%B4%E3%82%A3%E3%82%AF%E3%83%88%E3%83%AB
soa_character,フィオーレ,/soanamnesis/%E3%83%95%E3%82%A3%E3%82%AA%E3%83%BC%E3%83%AC
soa_character,ナースフィオーレ,/soanamnesis/%E3%83%8A%E3%83%BC%E3%82%B9%E3%83%95%E3%82%A3%E3%82%AA%E3%83%BC%E3%83%AC
soa_character,エマーソン,/soanamnesis/%E3%82%A8%E3%83%9E%E3%83%BC%E3%82%BD%E3%83%B3
soa_character,アンヌ,/soanamnesis/%E3%82%A2%E3%83%B3%E3%83%8C
soa_character,連邦アンヌ,/soanamnesis/%E9%80%A3%E9%82%A6%E3%82%A2%E3%83%B3%E3%83%8C
soa_character,ウェルチ,/soanamnesis/%E3%82%A6%E3%82%A7%E3%83%AB%E3%83%81
soa_character,涙目ウェルチ,/soanamnesis/%E6%B6%99%E7%9B%AE%E3%82%A6%E3%82%A7%E3%83%AB%E3%83%81
soa_character,夢想のウェルチ,/soanamnesis/%E5%A4%A2%E6%83%B3%E3%81%AE%E3%82%A6%E3%82%A7%E3%83%AB%E3%83%81
soa_character,ダリル,/soanamnesis/%E3%83%80%E3%83%AA%E3%83%AB
soa_character,テッド,/soanamnesis/%E3%83%86%E3%83%83%E3%83%89
soa_character,イヴリーシュ,/soanamnesis/%E3%82%A4%E3%83%B4%E3%83%AA%E3%83%BC%E3%82%B7%E3%83%A5
soa_character,花嫁イヴリーシュ,/soanamnesis/%E8%8A%B1%E5%AB%81%E3%82%A4%E3%83%B4%E3%83%AA%E3%83%BC%E3%82%B7%E3%83%A5
soa_character,白雪イヴリーシュ,/soanamnesis/%E7%99%BD%E9%9B%AA%E3%82%A4%E3%83%B4%E3%83%AA%E3%83%BC%E3%82%B7%E3%83%A5
soa_character,渚のイヴリーシュ,/soanamnesis/%E6%B8%9A%E3%81%AE%E3%82%A4%E3%83%B4%E3%83%AA%E3%83%BC%E3%82%B7%E3%83%A5
soa_character,ベルダ,/soanamnesis/%E3%83%99%E3%83%AB%E3%83%80
soa_character,純愛のベルダ,/soanamnesis/%E7%B4%94%E6%84%9B%E3%81%AE%E3%83%99%E3%83%AB%E3%83%80
soa_character,ヒーローベルダ,/soanamnesis/%E3%83%92%E3%83%BC%E3%83%AD%E3%83%BC%E3%83%99%E3%83%AB%E3%83%80
soa_character,ティカ,/soanamnesis/%E3%83%86%E3%82%A3%E3%82%AB
soa_character,ユーイン,/soanamnesis/%E3%83%A6%E3%83%BC%E3%82%A4%E3%83%B3
soa_character,ボリス,/soanamnesis/%E3%83%9C%E3%83%AA%E3%82%B9
soa_character,ギディオン,/soanamnesis/%E3%82%AE%E3%83%87%E3%82%A3%E3%82%AA%E3%83%B3
soa_character,術書セス,/soanamnesis/%E8%A1%93%E6%9B%B8%E3%82%BB%E3%82%B9
soa_character,ロシェル,/soanamnesis/%E3%83%AD%E3%82%B7%E3%82%A7%E3%83%AB
soa_character,アンゲリカ,/soanamnesis/%E3%82%A2%E3%83%B3%E3%82%B2%E3%83%AA%E3%82%AB
soa_character,癒砲カタリーナ,/soanamnesis/%E7%99%92%E7%A0%B2%E3%82%AB%E3%82%BF%E3%83%AA%E3%83%BC%E3%83%8A
soa_character,ハル,/soanamnesis/%E3%83%8F%E3%83%AB
soa_character,術書レニエ,/soanamnesis/%E8%A1%93%E6%9B%B8%E3%83%AC%E3%83%8B%E3%82%A8
soa_character,レナス,/soanamnesis/%E3%83%AC%E3%83%8A%E3%82%B9
soa_character,蒼穹のレナス,/soanamnesis/%E8%92%BC%E7%A9%B9%E3%81%AE%E3%83%AC%E3%83%8A%E3%82%B9
soa_character,シルメリア,/soanamnesis/%E3%82%B7%E3%83%AB%E3%83%A1%E3%83%AA%E3%82%A2
soa_character,フレイ,/soanamnesis/%E3%83%95%E3%83%AC%E3%82%A4
soa_character,アーリィ,/soanamnesis/%E3%82%A2%E3%83%BC%E3%83%AA%E3%82%A3
soa_character,アリューゼ,/soanamnesis/%E3%82%A2%E3%83%AA%E3%83%A5%E3%83%BC%E3%82%BC
soa_character,レザード,/soanamnesis/%E3%83%AC%E3%82%B6%E3%83%BC%E3%83%89
soa_character,メルティーナ,/soanamnesis/%E3%83%A1%E3%83%AB%E3%83%86%E3%82%A3%E3%83%BC%E3%83%8A
soa_character,リーンベル,/soanamnesis/%E3%83%AA%E3%83%BC%E3%83%B3%E3%83%99%E3%83%AB
soa_character,リーンベル(ウエディング),/soanamnesis/%E3%83%AA%E3%83%BC%E3%83%B3%E3%83%99%E3%83%AB%28%E3%82%A6%E3%82%A8%E3%83%87%E3%82%A3%E3%83%B3%E3%82%B0%29
soa_character,渚のリーンベル,/soanamnesis/%E6%B8%9A%E3%81%AE%E3%83%AA%E3%83%BC%E3%83%B3%E3%83%99%E3%83%AB
soa_character,ゼファー,/soanamnesis/%E3%82%BC%E3%83%95%E3%82%A1%E3%83%BC
soa_character,ヴァシュロン,/soanamnesis/%E3%83%B4%E3%82%A1%E3%82%B7%E3%83%A5%E3%83%AD%E3%83%B3
soa_character,レイン,/soanamnesis/%E3%83%AC%E3%82%A4%E3%83%B3
soa_character,ラスウェル,/soanamnesis/%E3%83%A9%E3%82%B9%E3%82%A6%E3%82%A7%E3%83%AB
soa_character,フィーナ,/soanamnesis/%E3%83%95%E3%82%A3%E3%83%BC%E3%83%8A
soa_character,カペル,/soanamnesis/%E3%82%AB%E3%83%9A%E3%83%AB
soa_character,アーヤ,/soanamnesis/%E3%82%A2%E3%83%BC%E3%83%A4
soa_character,シグムント,/soanamnesis/%E3%82%B7%E3%82%B0%E3%83%A0%E3%83%B3%E3%83%88
soa_character,2B,/soanamnesis/2B
soa_character,9S,/soanamnesis/9S
soa_character,A2,/soanamnesis/A2
soa_character,ユーイチ,/soanamnesis/%E3%83%A6%E3%83%BC%E3%82%A4%E3%83%81
soa_character,マフィア,/soanamnesis/%E3%83%9E%E3%83%95%E3%82%A3%E3%82%A2
